b220743186,9771561011019
b220743198,9771561011019
b220743204,9771561011019
b220743216,9771561011019
b220743228,9771561011019
b220757380,"9780857197702,0857197703"
b220757446,"9781946448521,1946448524"
b220757471,"9781552453964,1552453960"
b220757501,"9784805315583,480531558X"
b220757549,"9781101973462,1101973463"
b220757574,"9780789338013,0789338017"
b220757641,"9781683691648,1683691644"
b220757732,"9781940655420,1940655420"
b220757756,"9780735223653,0735223653"
b220757768,"9781119646266,111964626X"
b22075777x,"9780789338112,0789338114"
b220757811,"9780778806530,0778806537"
b220757835,"9781260455144,1260455149"
b220757860,"9781628972719,1628972718"
b220757926,"9781472253934,1472253930"
b220757938,"9780310105589,0310105587"
b22075794x,"9780778806547,0778806545"
b220757999,"9781250182852,1250182859"
b220758001,"9783791359489,3791359487"
b220758025,"9781912248872,1912248875"
b220758128,"9781782217398,1782217398"
b22075813x,"9781473648968,1473648963"
b220758141,"9781510744257,1510744258"
b220758207,"9781788738576,1788738578"
b220758244,"9781626346840,1626346844"
b22075827x,"9780804851060,0804851069"
b22075830x,"9784805315439,4805315431"
b220758323,"9781912248803,1912248808"
b220758360,"9782869251489,2869251483"
b220758372,"9781951274115,1951274113"
b220758426,"9780486842516,0486842517"
b220758438,"9780062406576,0062406574"
b220758529,"9780789338105,0789338106"
b220758530,"9781617137259,1617137251"
b220758554,"9781609806101,1609806107"
b220758566,"9780755601318,0755601319"
b220758608,"9780135565667,0135565669"
b22075861x,"9781492051367,1492051365"
b220758682,"9780711242807,0711242801"
b220758700,"9781609455835,1609455835"
b220758748,"9781465490124,1465490124"
b22075875x,"9781460757291,1460757297"
b220758761,"9780525610915,052561091X"
b220758797,"9781631584923,1631584928"
b220758803,"9781784785390,1784785393"
b220758827,"9781786783295,1786783290"
b220758864,"9780778806721,0778806723"
b220758906,"9781617459559,1617459550"
b220758955,"9780738761923,0738761923"
b220758967,"9781786275820,1786275821"
b220758980,"9781571315021,1571315020"
b220759029,"9781400216406,1400216400"
b220759078,"9781840788792,1840788798"
b22075908x,"9781788738538,1788738535"
b220759108,"9780789338211,0789338211"
b220759157,"9780892555062,0892555068"
b220759170,"9781250251299,125025129X"
b220759182,"9780865477780,0865477787"
b22075925x,"9780399581854,0399581855"
b220759285,"9781780389202,1780389205"
b220759297,"9781617458484,1617458481"
b220759339,"9780760367643,0760367647"
b220759340,"9781546014843,1546014845"
b220759352,"9781631598883,1631598880"
b220759376,"9780393655063,0393655067"
b220759388,"9781683583233,168358323X"
b22075942x,"9781788738552,1788738551"
b220759480,"9781400049790,1400049792"
b220759509,"9780789338181,0789338181"
b22075956x,"9781579659073,1579659071"
b220759571,"9781782217831,1782217835"
b220759595,"9781617458378,1617458376"
b220759625,"9781644450147,1644450143"
b220759649,"9781609809775,1609809777"
b22075973x,"9781250246448,125024644X"
b220759820,"9781472965325,1472965329"
b220759856,"9781608686421,1608686426"
b220759881,"9781617296291,1617296295"
b220759947,"9781786275639,1786275635"
b220760020,"9781770503267,1770503269"
b220760056,"9781646040117,1646040112"
b22076010x,"9781681374123,1681374129"
b220760123,"9781788738545,1788738543"
b220760160,"9780393713084,0393713083"
b220760196,"9781546035053,1546035052"
b220760287,"9781592339266,1592339263"
b220760299,"9781510703162,1510703160"
b220760305,"9780393357875,0393357872"
b220760329,"9780789338204,0789338203"
b220760378,"9781925418613,1925418618"
b22076041x,"9781982127398,1982127392"
b220760421,"9780847867950,0847867951"
b220760445,"9780062996046,0062996045"
b220760470,"9781586422509,1586422502"
b220760500,"9780789338075,0789338076"
b220760524,"9780062996015,0062996010"
b220760561,"9781119631514,1119631513"
b220760573,"9781982150860,1982150866"
b220761140,"9781786276100,1786276100"
b220761255,"9781982146528,1982146524"
b220761280,"9781642590241,164259024X"
b220761437,"9781501336508,1501336509"
b220761449,"9780691154046,069115404X"
b220761486,"9781786633484,1786633485"
b220761516,"9781684423248,1684423244"
b220761589,"9781438474083,1438474083"
b220761590,"9781538115947,1538115948"
b220761656,"9781438473482,1438473486"
b220761875,"9780198794967,0198794967"
b220761887,"9781621537045,1621537048"
b220761905,"9781250767257,1250767253"
b220761917,"9780814255674,0814255671"
b220761991,"9781438474144,1438474148"
b220762016,"9781948226820,1948226820"
b220762144,"9781943532766,1943532761"
b220762156,"9781941493267,1941493262"
b22076220x,"9781538126790,1538126796"
b220762235,"9781733540117,1733540113"
b220762247,"9781630061173,1630061174"
b220762387,"9781250254863,1250254868"
b220762405,"9781641771177,1641771178"
b220763835,"9781645052975,1645052974"
b220773245,"9781250214249,1250214246"
b220773312,"9781401958756,1401958753"
b220773397,"9780500022535,0500022534"
b220773427,"9780358250418,0358250412"
b220773476,"9780525561477,0525561471"
b220773506,"9781642933291,1642933295"
b220775746,9784566023543
b220775758,9784566023550
b22077576x,9784566023567
b220775771,9784566023574
b220775783,9784566023581
b220775795,9784566023598
b220775801,9784566023604
b220775813,9784151200533
b220775825,9784152096593
b220775837,9784151200823
b220775849,9784047916081
b220775850,9784047916098
b220775862,9784151310805
b220775874,9784102157251
b220775916,9784152092649
b220775928,9784309206110
b22077593x,9784309206127
b220775977,9784309207384
b220775989,9784791770571
b220775990,9784102142110
b220776003,9784635047517
b220776015,9784102105023
b220776027,9784334752057
b220776039,9784151200700
b220776040,9784309463346
b220776052,9784560071762
b220776064,9784560090138
b220776076,9784087610338
b220776088,9784102002032
b22077609x,9784102002049
b220776106,9784152097583
b220776118,9784105901318
b22077612x,9784102074015
b220776155,9784102101100
b220776167,9784102101094
b220776179,9784770027146
b220776222,9784881429983
b220776246,9784488013523
b22077626x,9784167705633
b220776271,9784167705640
b220776283,9784003232347
b220776295,9784003232354
b220776313,9784151200694
b220776325,9784309464275
b220776337,9784152098702
b220776349,9784102041031
b220776350,9784087603514
b220776374,9784151200076
b220776386,
b220776398,
b220776404,
b220776416,9784334752828
b22077643x,9784124034998
b220776441,9784152092052
b220776453,9784152092069
b220776520,"9781250157591,1250157595"
b220776532,"9781984851079,1984851071"
b220776556,"9781534464506,1534464506"
b220776568,"9781681190372,1681190370"
b220776581,"9781541578890,1541578899"
b220776623,"9781770499249,1770499245"
b220776702,"9780762495009,0762495006"
b220777226,9784863892491
b220777238,9784863892484
b22077724x,9784863892460
b220777251,9784863892477
b220777263,9784863892439
b220777275,9784863892446
b220777287,9784863892453
b220777299,9784863892422
b220777305,9784863892415
b220777317,9784863892392
b220777329,9784863892408
b220777330,9784863892385
b220777342,9784863892361
b220777354,9784863892378
b220777366,9784863892347
b220777378,9784863892354
b22077738x,9784863892323
b220777391,9784863892330
b220777408,9784863892309
b22077741x,9784863892316
b220777421,9784863893153
b220777433,9784863893160
b220777445,9784863893191
b220777457,9784863893207
b220777469,9784863893184
b220777470,9784863893177
b220777482,9784863893252
b220777494,9784863893238
b220777500,9784863893245
b220777512,9784863893214
b220777524,9784863893221
b220777536,9784001163773
b220777548,9784001163742
b22077755x,9784001163759
b220777561,9784001163735
b220777573,9784001163728
b220777585,9784001163711
b220777597,9784001163766
b220777603,9784861012907
b220777615,9784861012914
b220777627,9784861012839
b220777639,9784861012846
b220777640,9784861012716
b220777652,9784861012709
b220777664,9784861012662
b220777676,9784861012679
b220777688,9784861012600
b22077769x,9784861012617
b220777706,9784591164174
b220777718,9784591156223
b22077772x,9784591152256
b220777731,9784591147207
b220777743,9784591141960
b220777755,9784591136515
b220777767,9784591131312
b220777779,9784591126462
b220777780,9784591121177
b220777792,9784591112267
b220777809,9784591109106
b220777810,9784591104644
b220777822,9784251005083
b220777834,9784751521946
b220777846,9784780801156
b220777858,9784591146989
b22077786x,9784751528297
b220777871,9784036526406
b220777883,9784834009798
b220777895,9784032021905
b220777901,9784566002906
b220777913,9784892387388
b220777925,9784776402381
b220777937,9784579402489
b220777949,9784579400805
b220777950,9784001140507
b220777962,9784579402458
b220777974,9784062096454
b220777986,9784887502345
b220777998,9784062830775
b220778000,9784790253150
b220778012,9784783400004
b220778024,9784907689049
b220778036,9784834003628
b220778048,9784591147078
b22077805x,9784566014251
b220778061,9784860851279
b220778073,9784887501409
b220778085,9784751519868
b220778097,9784790232612
b220778103,9784790232940
b220778115,9784033283005
b220778127,9784865491609
b220778139,9784865490596
b220778140,9784865490152
b220778152,9784001157314
b220778164,9784790232247
b220778176,9784001112177
b220778188,9784593500642
b22077819x,9784894491649
b220778206,9784265068067
b220778218,9784751518977
b22077822x,9784338202046
b220778231,9784062190404
b220778243,9784751519998
b220778255,9784041073827
b220778267,9784001151114
b220778279,9784834084801
b220778280,9784001106121
b220778292,9784893094087
b220778309,9784566024540
b220778310,9784861012334
b220778322,9784566012424
b220778334,9784061129740
b220778346,9784887501515
b220778358,9784001140088
b220782349,"9781682827611,1682827615"
b220782398,"9781538134283,1538134284"
b220782428,"9781538133668,1538133660"
b220782465,"9780988814967,098881496X"
b220788509,"9781910593813,1910593818"
b220788522,"9781984858290,1984858297"
b220788534,"9781493047444,1493047442"
b220788571,"9781501190780,1501190784"
b220788583,"9781608469680,1608469689"
b220788595,"9781571314987,1571314989"
b220788613,"9781642591293,1642591297"
b220788649,"9780525654650,0525654658"
b220788650,"9780804852562,0804852561"
b220788686,"9781683963073,1683963075"
b220788716,"9780374539146,0374539146"
b220788728,"9781556595899,1556595891"
b22078873x,"9780847867004,0847867005"
b220788741,"9780393617474,0393617475"
b220788753,"9781641601542,164160154X"
b220788777,"9781501168581,1501168584"
b220788819,"9781785512223,1785512226"
b220788820,"9780399581731,0399581731"
b220788844,"9781426220913,142622091X"
b220788856,"9781786783172,1786783177"
b220788868,"9781493049004,1493049003"
b22078887x,"9781551527970,1551527979"
b220788881,"9788854415188,8854415189"
b220788923,"9784805315972,4805315970"
b220788935,"9784805315354,4805315350"
b220788959,"9781419737114,1419737112"
b220788960,"9780374298487,0374298483"
b220788984,"9781641770927,1641770929"
b220789022,"9780306874888,0306874881"
b220789034,"9781556595752,1556595751"
b220789046,"9780571353897,0571353894"
b220789058,"9781419734847,1419734849"
b220789071,"9780500021309,0500021309"
b220789083,"9781419735288,1419735284"
b220789113,"9781911641377,1911641379"
b220789125,"9781797202570,179720257X"
b220789137,"9781683962823,1683962826"
b220789162,"9781566895767,1566895766"
b220789198,"9782080204455,2080204459"
b220789228,"9780811737906,081173790X"
b22078923x,"9780399589720,0399589724"
b220789290,"9780374238711,0374238715"
b220789307,"9781617757945,1617757942"
b220789319,"9781538123805,1538123800"
b220789332,"9781419742828,1419742825"
b220789344,"9781556595639,1556595638"
b22078937x,"9780857056221,0857056220"
b220789381,"9781943156924,1943156921"
b220789472,"9781538129258,1538129256"
b220789484,"9781683962625,1683962621"
b220789502,"9781613321300,1613321309"
b220789538,"9781574232370,1574232371"
b220789927,"9781632430793,1632430797"
b22078999x,"9781633694026,163369402X"
b220790000,"9780062943736,0062943731"
b220790024,"9781472961341,147296134X"
b220790036,"9780231172271,0231172273"
b220790061,"9781503613591,1503613593"
b220790073,"9781501363160,1501363166"
b220790085,"9780226354927,022635492X"
b220790097,"9781119690351,1119690358"
b220790127,"9780190675776,0190675772"
b220790139,"9780500545225,0500545227"
b220790176,"9780197501436,0197501435"
b22079019x,"9781633451094,1633451097"
b220790206,"9780300243949,0300243944"
b220790218,"9780300222913,0300222912"
b22079022x,"9780300251319,0300251319"
b220790280,"9780823287741,0823287742"
b220790346,"9783030366490,3030366499"
b220790371,"9781419742958,1419742957"
b220790395,"9781683931515,1683931513"
b220790401,"9781119690689,1119690684"
b220790413,"9781472970640,1472970640"
b220790425,"9780674980785,0674980786"
b220790437,"9780190754204,0190754206"
b220790450,"9781496826923,1496826922"
b220790462,"9783030319526,3030319520"
b220790498,"9781787383357,1787383350"
b220790504,"9783791359175,3791359177"
b220790693,"9781635830521,1635830524"
b220790747,"9780231185790,0231185790"
b220790838,"9781789142020,1789142024"
b220790887,"9781503613638,1503613631"
b220790930,"9780810141513,0810141515"
b220790991,"9780262538565,0262538563"
b220791028,"9781421437934,1421437937"
b220791089,"9781496828156,1496828151"
b220791090,"9780980205572,0980205573"
b220791107,"9781633451049,1633451046"
b220791144,"9781496221179,1496221176"
b220791168,"9781945588495,1945588497"
b22079117x,"9781501748486,1501748483"
b220791211,"9780755617586,0755617584"
b220791235,"9781503613607,1503613607"
b220791247,"9781588396853,1588396851"
b220791259,"9781789141979,1789141974"
b220791284,"9781350155374,1350155373"
b220791302,"9780231177719,0231177712"
b220791314,"9780300243307,0300243308"
b220791351,"9781350154599,1350154598"
b220791399,"9781772125108,1772125105"
b220791478,"9780300247138,0300247133"
b220791569,"9781350155268,1350155268"
b220791570,"9781496821225,149682122X"
b220791600,"9781517909574,1517909570"
b22079165x,"9781789142198,1789142199"
b220791661,"9780300246728,0300246722"
b220791685,"9781496219602,1496219600"
b220791715,"9781625345028,162534502X"
b220791739,"9781501346828,1501346822"
b220791764,"9780190087630,0190087633"
b220791776,"9780231191371,0231191375"
b220791788,"9781421436654,1421436655"
b220791818,"9780823287628,0823287629"
b220791879,"9781588397089,1588397084"
b220791922,"9780814255735,0814255736"
b220791946,"9780231140676,0231140673"
b220791983,"9781632430816,1632430819"
b220792008,"9783777433738,377743373X"
b220792033,"9782080204530,208020453X"
b220792057,"9780198836605,0198836600"
b220792070,"9780262538855,0262538857"
b220792082,"9781350019720,1350019720"
b220792100,"9780520324831,0520324838"
b220792136,"9780300250343,0300250347"
b220792148,"9781496828149,1496828143"
b220792185,"9781625345103,1625345100"
b220792227,"9781643360966,1643360965"
b220792288,"9781350153325,135015332X"
b220792318,"9780826222107,0826222102"
b220792355,"9780198854883,0198854889"
b220792367,"9780300245974,0300245971"
b220792380,"9781350155381,1350155381"
b220793141,"9781982137137,1982137134"
b220793207,"9780525559139,0525559132"
b220793232,"9781598536560,1598536567"
b220793256,"9780500052129,0500052123"
b220793268,"9781568589350,1568589352"
b22079327x,"9781784883102,1784883107"
b220793281,"9780762469338,0762469331"
b22079330x,"9781722502270,1722502274"
b220793347,"9781510747173,1510747176"
b220793359,"9781621454724,162145472X"
b220793396,"9781328589927,1328589927"
b22079344x,"9780525520061,0525520066"
b220793451,"9781633886209,1633886204"
b220793463,"9780316460149,0316460141"
b220793487,"9780316424912,0316424919"
b220793505,"9781524747169,1524747165"
b220793517,"9780316460187,0316460184"
b220793530,"9780316534673,0316534676"
b220793542,"9780735234932,0735234930"
b220793554,"9781641602518,1641602511"
b220793608,"9780593189511,0593189515"
b220793645,"9780062960627,0062960628"
b220793724,"9780062937322,0062937324"
b220793736,"9781684510573,1684510570"
b220793748,"9781642934335,164293433X"
b22079375x,"9781586422585,1586422588"
b220793773,"9780525512332,0525512330"
b220793797,"9781328613080,1328613089"
b220793815,"9781786077189,1786077183"
b220793839,"9781642934892,1642934895"
b220793852,"9780358008392,0358008395"
b220793931,"9781615196715,1615196714"
b220794017,"9780062942722,0062942727"
b220794029,"9780316434935,0316434930"
b220794030,"9780525658450,0525658459"
b220794042,"9781509886401,1509886400"
b220794108,"9781771644549,1771644540"
b220794169,"9781472956712,1472956710"
b220794182,"9781621578864,1621578860"
b220794194,"9780062956910,0062956914"
b220794224,"9781948924849,1948924846"
b22079425x,"9780375410994,0375410996"
b220794261,"9780358048008,0358048001"
b220794297,"9781328766724,1328766721"
b220794340,"9781642934243,1642934240"
b220794406,"9781419742811,1419742817"
b22079442x,"9781568589466,1568589468"
b220794443,"9781510755291,1510755292"
b220794455,"9781743794791,1743794797"
b220794467,"9781546059134,154605913X"
b220794509,"9780738285672,0738285676"
b220794522,"9781250269553,1250269555"
b220794595,"9781635766998,1635766990"
b220794601,"9780062897886,0062897888"
b220794625,"9780310531289,0310531284"
b220794649,"9781465491107,1465491104"
b220794698,"9780399181443,039918144X"
b220794704,"9781641600903,164160090X"
b220794728,"9781683583424,1683583426"
b220794741,"9781982107918,198210791X"
b220794753,"9781982134488,1982134488"
b220794789,"9780316414005,031641400X"
b220794832,"9781984826855,1984826859"
b220794844,"9781400219605,1400219604"
b22079490x,"9781419734519,1419734512"
b220794911,"9781426221033,1426221037"
b220794923,"9781951213077,1951213076"
b220794935,"9781419742866,1419742868"
b220794972,"9781546085966,1546085963"
b220795241,"9781499862294,1499862296"
b220795290,"9780727889461,072788946X"
b220795320,"9780525658054,052565805X"
b220795484,"9780765329684,0765329689"
b220795538,"9780727890160,0727890166"
b220795666,"9781472254573,1472254570"
b22079568x,"9780749024826,0749024828"
b220795757,"9780593133873,0593133870"
b220795782,"9781611882742,1611882745"
b220795800,"9781496711434,1496711432"
b220795873,"9781947993877,1947993879"
b220795897,"9781609455873,1609455878"
b220795915,"9781499862430,1499862431"
b220795952,"9781250180360,1250180368"
b22079604x,"9780765335043,0765335042"
b220796063,"9781611882858,1611882850"
b220796154,"9781608093816,1608093816"
b22079618x,"9780593157565,0593157567"
b220796245,"9780525655756,0525655751"
b220796269,"9780749025809,0749025808"
b220796270,"9781496726384,1496726383"
b220796300,"9781947993976,1947993976"
b220796312,"9781982546847,1982546840"
b220796373,"9781643852997,164385299X"
b22079652x,"9780756414894,075641489X"
b220796695,9789864776696
b220796713,9789869787901
b220796737,9789579654258
b220796750,9789864502509
b220796762,9781940063867
b220796774,9789570851991
b220796786,9789573285779
b220796804,9789869665353
b220796828,9789869734349
b22079683x,9789869742573
b220796841,9789869676779
b220796865,9789571080024
b220796877,9789866199998
b220796890,9789862894675
b220796919,9789578710306
b220796920,9789869786034
b220796932,9789863617266
b220796944,9789869785020
b220796956,9789861795652
b220796981,9789869250405
b220796993,9789579654173
b220797006,9789578799776
b220797018,9789579199483
b22079702x,9789863843573
b220797055,9789578654754
b220797079,9789863843603
b220797080,9789573285786
b220797109,9789573334545
b220797122,9789882013483
b220797134,9789570853209
b220797158,9789863446682
b22079716x,9789864541041
b220797171,9789865070168
b220797183,
b220797201,9789869800808
b220797213,9789571080031
b220797225,9789865401009
b220797237,9789578683525
b220797249,9789576581717
b220797250,9789571378572
b220797286,9789863617150
b220797298,9789863617167
b220797304,9789863617181
b220797316,9789863617174
b220797328,9789869740296
b22079733x,9789578799783
b220797353,9789578904750
b220797365,9789863266914
b220797377,9789869720830
b220797389,9789578683587
b220797407,9789861304380
b220797419,9789861365374
b220797420,9789861755335
b220797432,9789576581946
b220797444,9789576581915
b220797456,9789888548033
b220797468,9789578904835
b22079747x,9789579075190
b220797481,9789571378237
b220797493,9789573285809
b22079750x,9789577412140
b220797511,9789579654166
b220797523,9789579699600
b220797547,9789864776566
b220797560,9789868319684
b220797584,9789869742740
b220797596,9789863775041
b220797614,9789578628342
b220797638,9789578628359
b22079764x,9789869751322
b220797651,9789869742771
b220797675,9789571378176
b220797687,9789869700696
b220797699,9789864591855
b220797705,9789571083537
b220797717,9789865665722
b220797729,9789578018792
b220797742,9789861304311
b220797766,9789576582042
b22079778x,9789869720847
b22079781x,9789579654142
b220797894,"9780316310994,0316310999"
b220797961,9780439317368
b220797973,9780439353014
b220797997,
b220798011,9781481722886
b220798023,
b220798072,9788467935004
b220798084,
b220798138,9780061440786
b22079814x,9780060884291
b220798151,9780060884307
b220798163,9780060884277
b220798187,
b220798205,9780307473257
b220798229,9786070752780
b220798254,9788420655895
b220798278,9780358354734
b22079831x,9788416840601
b220798321,9788417441326
b220798333,9788415925446
b220798345,9788415990000
b220798357,9788415990598
b220798369,9788416070244
b220798370,9788416070961
b220798382,9788416152797
b220798394,9788416194612
b220798400,9788416255368
b220798412,9780593081280
b220798436,"9780062961976,0062961977"
b220798461,"9781524720445,1524720445"
b220798503,"9781534454156,1534454152"
b220798515,"9780525555568,0525555560"
b220798539,"9781338540420,1338540424"
b220798564,"9781534463226,1534463224"
b220798618,"9780062953346,0062953346"
b220798631,"9781338566758,133856675X"
b220798680,"9781101999233,1101999233"
b220798692,"9781368065115,1368065112"
b220799209,"9781432877941,1432877941"
b220799210,"9781432877514,1432877518"
b220799234,"9781432878344,1432878344"
b220799246,"9781432876982,1432876988"
b220799258,"9781432876890,1432876899"
b22079926x,"9781432877811,143287781X"
b220799295,"9781432877477,143287747X"
b220799301,"9781432877989,1432877984"
b220799313,"9781432876937,1432876937"
b220799325,"9781432877965,1432877968"
b220799337,"9781432877095,1432877097"
b220799349,"9781432877705,1432877704"
b220799532,9789620703256
b22079957x,9789576581632
b220799593,9787541148668
b22079960x,9787521706598
b220799611,9789579579599
b220799623,9787213078811
b220799635,9789575325299
b220799660,9789888548187
b220799672,9787115490841
b220799696,9787569930375
b220799702,9787569930382
b220799714,9787544294539
b22079974x,9787559631947
b220799787,9789578759749
b220799829,9787521701616
b220799830,9789888547821
b220799854,9789620758133
b22079988x,
b220799921,9787210112327
b220799933,9787557662554
b220799970,9789888547210
b220799994,9789888572991
b220800005,9789888513048
b220800017,9789865727727
b220800030,9789864796892
b220800054,9789862139776
b22080008x,9789864759552
b220800108,9787521704808
b22080011x,9787514617368
b220800133,9787541153976
b220800145,9787505746275
b220800157,9787201146423
b220800169,9789620444531
b220800170,9789620444593
b220800194,9787559629807
b220800200,9789888570317
b220800236,9787569506150
b220800248,9789888547982
b220800273,9787559627230
b220800303,9787559631442
b220800315,9787122331922
b220800327,9787544386135
b220800339,9787543230217
b220800340,9787559628992
b220800352,9787521703061
b220800364,9789888547838
b220800376,9789888572724
b220800388,9789869768153
b220800406,9787547733219
b22080042x,9789869766821
b220800431,9787520709774
b220800467,9787505747203
b220800479,9787518424306
b220800509,9789862357613
b220800510,9789578567214
b220800534,
b220800546,9789862284452
b220800558,9789888547593
b22080056x,9789888547883
b220800625,9787559436528
b220800650,9789888573318
b220800674,9789888548217
b220800698,9789863446729
b220800704,9789864931064
b220800728,9789861755304
b22080073x,9789869756617
b220800741,9787201146171
b220800753,9787540492403
b220800790,9787544295161
b220800820,9787513335782
b220800856,
b22080087x,9789888570232
b220800911,9789888547951
b220801010,9787517076148
b220801046,9789865100025
b220801058,9789888547814
b22080106x,9789869753456
b220801083,9789576581809
b220801095,9789864796908
b220801101,9787532171354
b220801125,9787532169368
b220801162,9787562859239
b220801174,9787559632265
b220801186,9787521706437
b220801198,9787521700640
b220801216,9789882197527
b220801228,9789888570638
b22080123x,9789888548200
b220801241,9789864795543
b220801289,9789863362517
b220801290,9789869736534
b220801307,9787544376372
b220801319,9787508698793
b220801320,9789888570591
b220801885,9787121364648
b220801897,9789864794751
b220802002,9789575033941
b220802026,9789882165441
b22080204x,9787559627094
b220802087,9789882165915
b220802166,9787570801701
b22080218x,9787570801626
b220802208,9787570801640
b220802221,9787201145426
b220802324,9787557542443
b220802348,9787520202978
b22080235x,9789869757010
b220802373,9789888524587
b220802397,9789888531523
b220802427,9789865070281
b220802439,9787556838707
b220802440,9787556085804
b220802452,9787559630377
b220802476,9789888570300
b220802488,9787511046062
b22080249x,9789621470805
b22080252x,9789888531530
b220802531,9789576581878
b220802555,9787516822586
b220802567,9789888570294
b220802580,9787556092161
b220802609,9787304097745
b220802610,9787518050277
b220828283,"9780802121530,0802121535"
b220828295,"9781683962434,1683962435"
b220828301,"9781606998632,1606998633"
b220828970,"9789814828772,9814828777"
b220829238,"9781640972421,1640972420"
b220829287,"9781640972469,1640972463"
b220829329,"9781640972445,1640972447"
b220829330,"9781640972346,164097234X"
b220829366,"9781911082620,1911082620"
b220829469,"9781786717870,1786717875"
b220829470,"9781789191530,178919153X"
b22082955x,"9781789191899,1789191890"
b220829597,"9781789191912,1789191912"
b220829603,"9781789191592,1789191599"
b220829639,"9781789191691,1789191696"
b220829676,"9781786718273,1786718278"
b22082969x,"9781789193718,1789193710"
b220829706,"9781789191554,1789191556"
b220829718,"9781789191714,1789191718"
b22082972x,"9781789191653,1789191653"
b220829731,"9781789191738,1789191734"
b220829743,"9781789191752,1789191750"
b220829755,"9781789191677,178919167X"
b220829780,"9781612370552,1612370551"
b220829834,"9781787013926,1787013928"
b220829937,"9781786574978,1786574977"
b220829974,"9781786573681,1786573687"
b220830010,"9781788683357,1788683358"
b220830204,"9783829708098,3829708092"
b220830216,"9783829708081,3829708084"
b220830228,"9783829757720,3829757727"
b22083023x,"9783829757850,3829757859"
b220830253,"9783829757737,3829757735"
b220830265,"9783829757744,3829757743"
b220830277,"9783829757867,3829757867"
b220830289,"9783829757751,3829757751"
b220830307,"9783829757775,3829757778"
b220830319,"9783829757782,3829757786"
b220830332,"9783829757805,3829757808"
b220830344,"9783829757881,3829757883"
b220830356,"9783829757812,3829757816"
b220830368,"9783829757904,3829757905"
b22083037x,"9783829708067,3829708068"
b220830381,"9783829757829,3829757824"
b220830393,"9783829757836,3829757832"
b220830411,"9782067243132,2067243136"
b220830435,"9782067245754,2067245759"
b220830447,"9782067243101,2067243101"
b22083054x,"9781510747098,1510747095"
b220830599,"9781741176322,1741176328"
b220830794,"9781789194623,1789194628"
b220830824,"9781789191998,1789191998"
b220830861,"9781780592800,1780592809"
b220830939,"9789622178915,962217891X"
b220831439,
b220846959,"9780593094150,0593094158"
b220846972,"9781681374284,1681374285"
b220847010,"9781541546714,1541546717"
b220848105,"9781250158178,1250158176"
b220848117,"9780735263802,0735263809"
b220848130,"9781368047456,1368047459"
b220848142,"9781250315328,1250315328"
b220848166,"9780358131434,035813143X"
b22084821x,"9781786284105,1786284103"
b220848270,"9781786284112,1786284111"
b220848294,"9781786284099,178628409X"
b220848312,"9780884488071,0884488071"
b220848385,"9781250187833,1250187834"
b220848427,"9781419736926,1419736922"
b220848452,"9780062306999,0062306995"
b220848488,"9781681155531,1681155532"
b220848506,"9781984812476,1984812475"
b220848622,"9781534438248,1534438246"
b220848634,"9781368012584,1368012582"
b220848658,"9781984848697,1984848690"
b22084866x,"9781250207692,125020769X"
b220848671,"9781250219855,125021985X"
b220848683,"9781250313645,1250313643"
b220848695,"9781786078643,1786078643"
b220848749,"9780316489591,031648959X"
b220848786,"9781250239495,1250239494"
b220848798,"9780062430045,0062430041"
b220848816,"9780316536486,0316536482"
b220848841,"9780062568090,0062568094"
b220848877,"9781534442733,1534442731"
b220848889,"9781481497770,1481497774"
b220848920,"9781728209890,1728209897"
b220848956,"9781612544427,1612544428"
b220848968,"9781681198163,1681198169"
b22084897x,"9781250192899,1250192897"
b220849638,"9781538753545,1538753545"
b220853009,9787307209466
b220853022,9787010208626
b220853034,9786753278098
b22085306x,9787521700756
b220853083,9787100166850
b220853095,9787555908296
b220853113,9787559435972
b220853125,9787511378378
b220853137,9787532172191
b220853150,9787530676714
b220853162,9787313210920
b220853204,9787549119691
b220853277,9787543229952
b220853289,9787518424498
b220853290,9787521410785
b220853307,9787521703139
b220853319,9787553811178
b220853320,9787554613474
b220853344,9787555276838
b220853356,9787509014394
b220853393,9787544776578
b220853435,9787500871804
b220853447,9787540493057
b220853460,9787516822647
b220853472,9787556510375
b220853484,9787521706901
b220853496,9787510467073
b220853502,9787500158448
b220853514,9787518059843
b220853551,9787557662042
b220853563,9787121353352
b220853575,9787516220122
b220853587,9787521703016
b220853599,9787521703252
b220853605,9787507550986
b220853617,9787307209510
b220853629,9786757060682
b220853654,9787545817966
b22085368x,9787512717268
b220853691,9787514224856
b220853708,9787504681928
b22085371x,9787208156906
b220853721,9787544293914
b220853757,9787510877599
b220853848,9787555277507
b22085385x,9787539059723
b220853861,9787540785864
b220853885,9787521705973
b220853897,9787516822869
b220853939,9787540493066
b220853976,9787553515366
b220853988,9787550029750
b22085399x,9787559629913
b220854002,9787568050975
b220854038,9787656805056
b220854063,9787521703429
b220854075,9787521705003
b220854087,9787521705423
b220854099,9787559818263
b220854105,9787220113901
b220854117,9787508697055
b22085421x,"9781939547644,1939547644"
b220854385,"9781426337260,1426337264"
b220854439,"9780358033684,0358033683"
b220854452,"9780358129400,0358129400"
b220854506,"9781499809770,1499809778"
b220857921,9788417074104
b220857969,9788494799174
b220857970,9788494799181
b220858019,9789563640861
b220858020,9789563640564
b220858032,9789563640793
b220858044,9789563640502
b220858093,9789874975003
b22085810x,9788417074111
b220858123,9788417165017
b220858160,9789873967320
b220858196,
b220858238,9788491073338
b22085824x,9788491079354
b220858263,9788467591552
b220858287,9789872856052
b220858299,9788491077916
b220858305,9788417165277
b220858317,9788417165253
b220858330,9789563640885
b220858354,9788467508550
b220858536,
b220858548,
b220858597,9789933617004
b220858639,9789953715476
b220858652,
b220858664,9786144199947
b220858688,9786140127340
b220858731,
b22085886x,9786030310142
b220858883,9786144860106
b220858901,9786144860007
b220858950,9789933604578
b220859012,9789933617271
b220859061,
b220859085,9786144860021
b220859115,
b220859152,9786144640432
b220859176,
b220859255,
b220859292,9789931691013
b220859309,9789957392864
b220859310,9789931691006
b220859358,
b22085936x,
b220859371,
b220859383,
b220859395,
b220859401,9789933603984
b220859413,9789933603618
b220859425,9789933592370
b220859449,
b220859450,
b220859462,9789933615130
b220859474,
b220859498,
b220859528,9786038258958
b220859577,9789948247692
b220859590,9786144298022
b220859607,9789953650227
b220859619,9789957227678
b220859905,"9780062567048,0062567047"
b220859942,"9780062427670,0062427679"
b220860944,9785041061319
b220860956,9785433507364
b220860968,9785171176303
b22086097x,9785171164836
b220860981,9785389167506
b220860993,9785389167520
b220861006,9785171184780
b220861018,9785171171162
b22086102x,9785171188740
b220861031,9785171184841
b220861043,9785040991310
b220861055,9785171109059
b220861067,9785171172121
b220861079,9785437000328
b220861080,9785041004828
b220861092,9785041033279
b220861110,9785171119928
b220861122,9785041031275
b220861134,9785171102562
b220861146,9785171182830
b22086116x,9785171188764
b220861171,9785171177195
b220861183,9785171176761
b220861195,9785001084891
b220861213,9785171184773
b220861225,9785171176280
b220861249,9785171125295
b220861250,9785389156289
b220861262,9785041074029
b220861274,9785041047498
b220861286,9785917598840
b220861298,9785179826613
b220861304,9785171122287
b220861316,9785171080617
b220861328,9785041053413
b22086133x,9785040975129
b220861341,9785171166311
b220861420,9785389159662
b220861444,9785041061951
b22086147x,9785171164454
b220861511,9785604299005
b220861523,9785389170445
b220861535,9785389169555
b220861560,9785171128234
b220861602,9785389170490
b220861614,9785171179717
b220861626,9785171182182
b220861638,9785171148072
b22086164x,9785389162143
b220861663,9785041039318
b220861675,9785389143531
b220861699,9785235043244
b220861705,9785389160095
b220861717,9785389170483
b220861742,9785389171169
b220861766,9785389172173
b220861791,9786177808724
b220861833,9785171061081
b220861845,9785171166502
b220861857,9785171146009
b220861869,9785041077716
b220861870,9785171188696
b220861894,9785389162570
b220861912,9785041058098
b220861948,9785041003623
b22086195x,9785389172043
b220861973,9785389172029
b220861985,9785389172012
b220862023,9785041039882
b220862035,9785171187552
b220862047,9785946938525
b220862072,9785604236550
b220862084,9785604236413
b220862096,9785171102951
b220862102,9786177808618
b220862114,9785171181369
b220862138,
b22086214x,9785041054656
b220862151,9785171189808
b220862175,9785171182915
b220862187,9785171181444
b220862199,9785040886869
b220862205,9785171144203
b220862217,9785907211063
b220862229,9785389170308
b220862230,9785041021214
b220862242,9785235043343
b220862254,9785040949021
b220862266,9785389170162
b22086228x,9785907180048
b220862291,9785171180201
b220862308,9785171162399
b22086231x,9785041066185
b220862321,9785041066055
b220862333,9785359012058
b220862345,9785041066130
b220862357,9785041066093
b220862369,9785389156494
b220862382,9785041028978
b220862394,9785040972319
b220862400,9786177808793
b220862424,9785041026165
b220862448,9785389160804
b22086245x,9785171169534
b220862461,9785041011833
b220862473,9785171196783
b220862497,9785235042827
b220862503,9785446113156
b220862527,9785751615666
b220862539,9785389168817
b220862576,9785389164048
b220862606,9785604236505
b220862618,9785235042971
b220862631,9785952453951
b220862643,9785041049867
b220862655,9785911035020
b220862679,9785171179922
b220862680,9785171189976
b220862692,9785389170179
b220862709,9785916785487
b220862710,9785171127015
b220862722,9785171169121
b220862734,9785389152496
b220862746,9785952453920
b220862758,9785907120693
b22086276x,9785604236567
b220862771,9786177808625
b220862783,9785171175627
b220862813,9785907189478
b220862825,9785171163334
b220862837,9785171180232
b220862849,9785171181086
b220862850,9785171182878
b220862862,9785171181246
b220862874,9785907211834
b220862898,9785041048440
b220862904,9785171188757
b22086293x,9785171175887
b220862941,9785171176693
b220862953,9785000835821
b220862965,9785171179298
b220862990,9785171148829
b220863040,9785171087470
b220863076,9785171110925
b220863088,9785171190651
b22086309x,9785946682633
b220863106,9785041055219
b220865061,9783453272378
b220865085,9783462047325
b220865097,9783946566120
b220865103,9783257070842
b220865115,9783550081736
b220865139,9783446264199
b220865164,9783549100028
b220865176,9783103974829
b220865188,9783498047023
b22086522x,9783864892677
b220865231,9783960960744
b220865243,9783453281189
b220865279,9783963660580
b220865280,9783827501288
b220865292,9783833869501
b220865309,9783946658337
b220865310,9783406740206
b220865322,9783423261807
b220865334,9783778792964
b220865346,9783548060415
b220865358,9783492058469
b22086536x,9783466311132
b220865371,9783963660610
b220865449,9783764507107
b220865450,9783734107429
b220865474,9783404177141
b220865486,9783832164577
b220865498,9783499634567
b220865504,9783596701858
b220865516,9783548060866
b220865528,9783548061177
b22086553x,9783442718313
b220865541,9783548377841
b220865553,9783734100482
b220865565,9783426510193
b220865577,9783548291918
b220865589,9783734103773
b220865590,9783442486564
b220865607,9783548060521
b220865619,9783499633003
b220865620,9783518241400
b220865632,9783499276552
b220865644,9783423349642
b220875170,
b220875236,9788170663263
b220875248,9788129533043
b220875297,9789382441823
b220875339,
b220875388,
b220875467,
b220875509,
b220875649,9789388923040
b220875704,
b220875716,9789849070228
b220875741,9789849139637
b220875753,9789849291794
b220875911,9789849366034
b220875960,9789845262798
b220875972,9789350601341
b220875984,
b220876009,9789388351959
b220876010,
b220876046,
b220876095,
b220876101,
b220876113,
b220876125,
b220876137,
b220876149,
b220876150,
b220876162,
b220876174,
b220876186,
b220876198,
b220876204,
b220876216,
b220876228,
b22087623x,
b220876241,
b220876253,
b220876265,
b220876277,
b220876289,
b220876290,
b220876307,
b220876459,
b220876460,9789849000433
b220876472,
b220876642,"9786070747953,607074795X"
b220876654,"9781644730515,1644730510"
b220877622,
b220877634,
b220877646,
b220877658,
b22087766x,1647137713
b220877671,
b220877683,
b220877695,
b220877701,
b220877713,
b220877725,
b220877737,
b220877749,
b220877750,
b220877762,
b220877774,
b220877786,
b220877798,
b220877804,
b220877816,
b220884614,"9780807505854,0807505854"
b220884638,"9780823444922,0823444929"
b22088464x,"9781250219831,1250219833"
b220884687,"9781328635181,132863518X"
b220884705,"9781534463585,1534463585"
b220884766,"9781419742064,141974206X"
b220884808,"9781452165042,1452165041"
b220884833,"9781644730881,164473088X"
b220884894,"9781771473811,1771473819"
b220884924,"9781525301131,1525301136"
b220884961,"9781733121224,1733121226"
b220884985,"9781536207125,1536207128"
b22088500x,"9781547601233,154760123X"
b220885023,"9781773213880,1773213881"
b220885035,"9781547600564,154760056X"
b220885047,"9780062747303,0062747304"
b220885059,"9781525301087,152530108X"
b220885072,"9781984816306,1984816306"
b220887706,9785171194635
b220887731,9785389173644
b220887767,9785389155718
b220887779,9785171148737
b220887780,9785389173651
b220887792,9785389173620
b220887809,9785171176396
b220887810,9785171174682
b220887822,9785171193386
b220887834,9785171172930
b22088786x,9785389173583
b220887883,9785171156251
b220887895,9785171206802
b220887901,9785389173613
b220887913,9785389163546
b220887925,9785992229868
b220887937,9785171127022
b220887949,9785171173111
b220887950,9785171194383
b220887962,9785389173521
b220887974,9785389173439
b220887986,9785171206864
b220887998,9785448415203
b220888012,9785389173637
b220888024,9785041078942
b220888085,9785171195984
b220888097,9785389173903
b220888140,9785171139346
b220888176,9785389154070
b22088819x,9785171207168
b220888218,9785171211349
b22088822x,9785171199401
b220888231,9785171193393
b220888267,9785235043404
b220888279,9785041058449
b220888309,9785389173293
b220888310,9785171155742
b220888322,9785171193287
b220888346,9785171195908
b220888358,9785171130770
b22088836x,9785171160630
b220888371,9785171202682
b220888383,9785171174408
b220888395,9785171201012
b220888401,9785171077280
b220888413,9785171200732
b220888425,9785171167639
b220888437,9785171170158
b220888449,9785171199395
b220888450,9785171200619
b220888462,9785448416477
b220888474,9785235043411
b220888486,9785751615420
b220888498,9785751615130
b220888504,9785041083830
b220888516,9785041085025
b220888528,9785171201180
b220888541,9785171195809
b220888553,9785171202842
b220888565,9785171144791
b220888577,9785171201814
b220888589,9785389167315
b220888590,9785422415823
b220888607,9785389151185
b220888619,9785235043114
b220888620,9785235042452
b220888644,9785041065102
b220888656,9785906848895
b220888668,9785906848789
b220888681,9785171196042
b220888693,9785171193959
b22088870x,9785171197797
b220888711,9785171167219
b220888723,9785171187279
b220888735,9785171113988
b220888747,9785171199890
b220888759,9785171167790
b220888760,9785907220102
b220888772,9785815915756
b220888796,9785389138162
b220888802,9785001464365
b220888814,9785952453524
b220888826,9785227077127
b220888838,9785907255098
b22088884x,9785041086923
b220888863,9785041047641
b220888875,9785041017163
b220888887,9785448410581
b220888899,9785389175143
b220888905,9785389160811
b220888917,9785389173668
b220888929,9785001650225
b220888930,9785171194406
b220888942,9785171195403
b220888954,9785171175580
b220888966,9785171194420
b220888978,9785171198503
b22088898x,9785170905065
b220888991,9785171187873
b220889004,9785170882571
b220889028,9785171206901
b22088903x,9785171206772
b220889041,9785171126421
b220889077,9785171023249
b220889089,9785171029128
b220889090,9785171187309
b220889107,9785171189624
b220889119,9785171194017
b220889120,9785171126438
b220889132,9785171183615
b220889144,9785171199289
b220889156,9785171154301
b220889168,9785170979646
b22088917x,9785171175955
b220889181,9785171192433
b220889193,9785907220201
b22088920x,9785906254665
b220889211,9785980621162
b220889223,9785389173309
b220889235,9785422415908
b220889259,9785389174917
b220889260,9785235043398
b220889272,9785916312966
b220889284,9785952453975
b220889296,9785952454057
b220889302,9785041055622
b220889338,9785040983209
b22088934x,9785041060534
b220889351,9785040987863
b220889363,9785041086268
b220889375,9785041023102
b220889417,9785040954803
b220889429,9785041050917
b220889430,9785040983193
b220889442,9785041086138
b220889454,9785041084660
b220889466,9785041088019
b220889478,9785227088604
b22088948x,9785001551195
b220889491,9785001550983
b220889508,9785171197247
b22088951x,9785171093358
b220889521,9785389158696
b220889533,9789859050862
b220889557,9785907255128
b220889569,9785389176171
b220889570,9785171133375
b220889582,9785041074647
b220889594,9785041087470
b220889612,9785041079628
b220889648,9785604236574
b22088965x,9785171022891
b220889673,9785171183653
b220889685,9785041074784
b220889703,9785171203573
b220889715,9785171199470
b220889739,9785171206451
b220889740,9785171208578
b220889752,9785040956159
b220889764,9785041061487
b220889776,9785910223756
b220889788,9785170825776
b22088979x,9785171193713
b220889806,9785171200923
b220889818,9785171158484
b22088982x,9785171200985
b220889831,9785171174583
b220889843,9785389141575
b220889855,9785389146457
b220889867,9785907172661
b220889879,9785041074760
b220889880,9785040961696
b220889892,9785389174313
b220889909,9785389173392
b220889922,9785171193140
b220889934,9785171198343
b220889946,9785171130565
b220889958,9785171164652
b22088996x,9785389169784
b220889971,9785001464945
b220890018,
b220890146,9783499000829
b22089016x,9783843211086
b220890201,9783649631644
b220890213,9783440165171
b220890225,9783440164938
b220890237,9783440160275
b220890262,9783551651051
b220890274,9783473554676
b220890286,9783789112959
b220890298,9783401604442
b220890328,9783522459181
b22089033x,9783981965001
b220890341,9783789108556
b220890353,9783846600894
b220890365,9783551280343
b220890377,9783458177920
b220890389,9783743200494
b220890390,9783843211062
b220890407,9783473585557
b220890419,9783473401796
b220890420,9783791501307
b220890432,9783764151720
b220890444,9783737356664
b220890456,9783960960751
b220890468,9783649628934
b220890481,9783954701889
b220890511,9783743205314
b220890535,9783401603339
b220890547,9783401604886
b220890559,9783414825469
b220890560,9783789109416
b220890572,9783407754691
b220890584,"9781534425170,1534425179"
b220890596,"9781534449701,1534449701"
b220890614,"9781534420533,1534420533"
b220890675,"9781951710170,1951710177"
b220890687,"9781951710279,1951710274"
b220890699,"9781250209955,1250209951"
b220890705,"9780062652812,0062652818"
b220890729,"9780062891495,0062891499"
b220890754,"9781419739941,1419739948"
b220890778,"9781984812582,1984812580"
b220890791,"9781250242341,1250242347"
b220890808,"9781338503265,133850326X"
b220890936,"9780525646877,0525646876"
b220890948,"9781534455368,1534455361"
b220890961,"9781580895781,1580895786"
b220890973,"9781616209070,1616209070"
b220891011,"9781984837295,198483729X"
b220891023,"9781534461017,1534461019"
b220891047,"9781328866820,1328866823"
b220891059,"9780358116684,0358116686"
b220891060,"9781616209186,1616209186"
b220891084,"9781534439054,1534439056"
b220891102,"9781547600823,1547600829"
b220891114,"9781534465619,1534465618"
b22089114x,"9781419736933,1419736930"
b220891151,"9780763697471,0763697478"
b220900875,9785171062477
b220900887,9785171134495
b220900899,9785437002469
b220900905,9785437002179
b220900929,9785171186050
b220900930,9785171149765
b220900966,9785604202517
b220900978,9785917597584
b22090098x,9785171099664
b220900991,9785171038427
b220901004,9785171099244
b220906117,9782211302999
b220906129,9782733868324
b220906130,9782378011598
b220906142,9782226442772
b220906154,9782211306638
b220906166,9782075133166
b220906178,9782017087113
b22090618x,9782924645383
b220906191,9782877673198
b220906208,9782211304726
b22090621x,9782016255667
b220906221,9782211306089
b220906233,9782377313143
b220906245,9791036314704
b220906257,9782075131018
b220906269,9781474971973
b220906270,9782378880040
b220906282,9781443180726
b220906294,9782359904680
b220906300,9782842184483
b220906312,9782075138598
b220906324,9782895408741
b220906336,9782211304047
b220906348,9782014001174
b22090635x,2871291284
b220906361,2871293848
b220906373,2871293147
b220906385,9782864973423
b220906397,9782302053809
b220906403,9782302064935
b220906415,9782075126885
b220906427,9782884807555
b220906439,9782884806633
b220906452,9782884806800
b220906464,9782017020783
b220906476,9782733863107
b220906488,9782733874882
b22090649x,9782035957122
b220906506,9782035957139
b220906518,9782035967572
b22090652x,9782035967565
b220906531,9782035981240
b220906543,9782809668841
b220906555,9782809667035
b220906567,9782809667042
b220906579,9782809667028
b220906580,9782745996060
b220906592,9782408012502
b220906609,9780714878973
b220906610,9782733877197
b220906622,9782897517618
b220906634,9781474973571
b220906646,9782408013578
b220906658,9782092593509
b22090666x,9782092593516
b220906671,9782895408642
b220906683,9782211302876
b220906695,9782244304687
b220906701,9782244304656
b220906713,9782244304663
b220906725,9782244304670
b220906737,9782324025303
b220906749,9782215170358
b220906750,9782408014209
b220907092,
b220907110,
b220907122,
b220907134,9789651322914
b220907146,
b220907158,
b22090716x,
b220907171,9789655520316
b220907183,
b220907195,9789651324482
b220907201,
b220907213,
b220907225,
b220907249,
b220907250,
b220907262,
b220907274,
b220907286,9789652020605
b220907298,
b220907304,
b220907572,"9781728205120,1728205123"
b220907584,"9781408886441,1408886448"
b220907614,"9781496727626,1496727622"
b220907675,"9781328637239,1328637239"
b220907699,"9780857057907,0857057901"
b220907729,"9781250202185,1250202183"
b220907754,"9781643134680,164313468X"
b22090778x,"9781250257864,1250257867"
b220907833,"9780756415068,0756415063"
b220907857,"9781643134222,1643134221"
b220907948,"9781335136961,1335136967"
b220907997,"9780316462860,0316462861"
b220908035,"9781982141936,198214193X"
b220908096,"9781783785209,1783785209"
b220908102,"9781949102376,1949102378"
b220908114,"9781643131931,1643131931"
b22090814x,"9781950539161,1950539164"
b220908151,"9781250187420,1250187427"
b220908175,"9781250258359,1250258359"
b22090828x,"9781612198484,1612198481"
b220908333,"9780316421201,0316421200"
b220908357,"9781984806925,1984806920"
b220908400,"9781250751171,1250751179"
b220908424,"9781982120726,198212072X"
b220908485,"9781982673864,1982673869"
b220908539,"9781982151683,1982151684"
b220908540,"9780802148889,0802148883"
b220908606,"9781464212369,1464212368"
b22090862x,"9781949467352,194946735X"
b220908710,"9781643134086,1643134086"
b220908862,"9781982121495,1982121491"
b220908928,"9780062878441,0062878441"
b220908977,"9781939931801,1939931800"
b220908989,"9780593182659,0593182650"
b220909039,"9781982632335,198263233X"
b220909052,"9781409192367,1409192369"
b220909088,"9781094093994,1094093998"
b220909714,"9780998767499,0998767492"
b220909738,"9780999639016,0999639013"
b220909866,"9780062918086,0062918087"
b220909891,"9781684424115,1684424119"
b220909908,"9781984893581,1984893580"
b22090991x,"9781984837417,1984837419"
b220909933,"9781536204315,1536204315"
b220909945,"9781250231642,1250231647"
b220909969,"9781645660002,1645660001"
b220909970,"9781250204356,1250204356"
b220910133,"9780573697142,0573697140"
b220910157,"9781891241086,1891241087"
b220910170,"9780802146106,0802146104"
b220910248,"9780300099041,0300099045"
b220997883,
b221048455,"9781939810564,1939810566"
b221248493,
b221293565,
b22133399x,
b221361406,9784041084625
b221361418,9784065146095
b22136142x,9784065173299
b221361431,9784834083965
b221361443,9784834085082
b221361455,9784041070321
b221361479,9784065130650
b221361480,9784434270505
b221361492,9784434270512
b221361509,9784434270529
b221361510,9784434270536
b221361522,9784592762218
b221361534,9784593100552
b221361558,9784593101627
b22136156x,9784860766573
b221361571,9784865491722
b221361583,9791188454488
b221361625,9788952783103
b221361649,9791170285779
b221361650,9791196530259
b221361662,9788952780492
b221361704,9788901208312
b221361716,9791189125004
b221361819,9788537638583
b221361820,9788537638590
b221361832,9788537638576
b221361844,9781474973861
b221361856,9788595033900
b221361868,9788595033894
b22136187x,9788536824581
b221361881,9788536824574
b221361893,9788536824598
b22136190x,9788536824604
b221361911,9788574068732
b221361923,9788537631744
b221361935,9788537631751
b221361947,9788537631768
b221361959,9788566428728
b221361960,9788574068947
b221361972,9788574068923
b221361984,9788551307267
b221361996,9788551306840
b221362009,9788551307298
b221362010,9788551307281
b221362022,9788569086147
b221362034,9788574068930
b221362046,9788574068466
b221362058,9788574068800
b221362095,9786144225660
b221362101,9789953496290
b221362150,9789953316390
b221362174,9786144560280
b221362216,9786144225646
b221362228,9786144225639
b221362241,9786144052778
b221362265,9789953373546
b222305599,
b222349554,"9781501183416,1501183419"
b222349566,"9781684510788,1684510783"
b222349578,"9781541673038,1541673034"
b22234958x,"9781400212200,1400212200"
b22234961x,"9781620975732,1620975734"
b222349633,"9780316497022,0316497029"
b222349645,"9781328566300,1328566307"
b222349657,"9780062894052,0062894056"
b222349670,"9780374117962,0374117969"
b222349694,"9781510762985,1510762981"
b222349700,"9780802128447,0802128440"
b222349748,"9781400219537,1400219531"
b22234975x,"9780306924248,0306924242"
b222349773,"9781786898159,1786898152"
b222349803,"9781250269577,1250269571"
b222349839,"9781328585066,1328585069"
b222349840,"9781642935035,1642935034"
b222349852,"9781948836968,1948836963"
b222349876,"9781643134727,1643134728"
b222349888,"9780306873614,0306873613"
b22234989x,"9781982120696,198212069X"
b222349906,"9781643134703,1643134701"
b222349955,"9781642935653,1642935654"
b222349967,"9781684425112,1684425115"
b222350003,"9781642932218,1642932213"
b222350015,"9780544986558,0544986555"
b222350027,"9780316499064,0316499064"
b222350040,"9781642934717,1642934712"
b222350064,"9780525521389,0525521380"
b22235012x,"9781501104718,1501104713"
b222350155,"9781683838456,1683838459"
b222350167,"9781400217489,1400217482"
b222350179,"9781510745247,1510745246"
b222350180,"9781643134420,1643134426"
b222350210,"9781616208516,1616208511"
b222350222,"9781250159472,1250159474"
b222350234,"9781643134123,1643134124"
b222350246,"9780008308551,0008308551"
b222350271,"9781250219114,1250219116"
b222350301,"9781620973103,1620973103"
b222350349,"9780802147677,0802147674"
b222350350,"9781984817181,1984817183"
b222350362,"9780358067788,0358067782"
b222350374,"9781541674318,1541674316"
b222350386,"9781948836913,1948836912"
b222350398,"9780062976772,006297677X"
b222350416,"9781642935158,1642935158"
b222350453,"9781335145703,1335145702"
b222350489,"9781682618011,1682618013"
b222350507,"9780062953704,0062953702"
b222350520,"9781526615114,1526615118"
b222350611,"9781250295309,1250295300"
b222350635,"9781250086112,1250086116"
b222350659,"9781839760402,1839760400"
b222350660,"9781476794464,1476794464"
b222350672,"9781950665099,1950665097"
b222350696,"9780738285498,0738285498"
b222350702,"9781948836982,194883698X"
b222350738,"9780062953759,0062953753"
b222350751,"9780316494984,0316494984"
b222350805,"9780525537380,0525537384"
b222350817,"9780358216773,035821677X"
b222350829,"9780525510055,0525510052"
b222350842,"9780358346234,0358346231"
b222350866,"9780812995282,0812995287"
b222350891,"9780062248572,006224857X"
b222350933,"9781642932157,1642932159"
b222350970,"9780374140380,0374140383"
b222351019,"9781408879405,1408879409"
b222351081,"9781250311474,1250311470"
b222351184,"9780374108168,0374108161"
b222351226,"9780062978516,0062978519"
b222351238,"9780727890870,0727890875"
b222351287,"9781640093256,1640093257"
b222351299,"9780727889249,0727889249"
b222351317,"9780756413064,0756413060"
b222351366,"9781496727886,1496727886"
b222351378,"9780727889744,0727889745"
b22235138x,"9781944211899,1944211896"
b222351391,"9781950691609,1950691608"
b222351433,"9781609455958,1609455959"
b222351445,"9780749025939,074902593X"
b222351457,"9780727889874,0727889877"
b222351573,"9780727890306,0727890301"
b222351597,"9780765383488,0765383489"
b222351639,"9781504059978,1504059972"
b222351640,"9780744022773,0744022770"
b222351652,"9781501192135,1501192132"
b222351688,"9780358237044,0358237041"
b22235169x,"9780316423403,0316423408"
b222351718,"9781616209025,161620902X"
b22235172x,"9781643134369,1643134361"
b222351780,"9781643134307,1643134302"
b22235186x,"9781982104061,1982104066"
b222351913,"9781476787848,1476787840"
b222351949,"9781982128913,1982128917"
b222352024,"9780451464415,0451464419"
b222352061,"9780062315816,0062315811"
b222352103,"9781250088505,125008850X"
b222352152,"9780385546270,0385546270"
b222352231,"9780765384706,0765384701"
b222352280,"9781250175342,1250175348"
b222352310,"9781335080608,1335080600"
b222352334,"9780812997439,0812997433"
b222352383,"9780525658436,0525658432"
b222352401,"9780756414627,0756414628"
b222352425,"9781439177754,1439177759"
b222352450,"9781883285906,1883285909"
b222352528,"9781524759216,152475921X"
b222352577,"9780062995469,0062995464"
b222352589,"9781944211769,1944211764"
b222352620,"9781250154606,125015460X"
b222352632,"9781642933451,1642933457"
b222352656,"9780593129043,0593129040"
b22235267x,"9780062888808,0062888803"
b222352681,"9781982120931,1982120932"
b222352711,"9781912914142,191291414X"
b222352723,"9781448217687,1448217687"
b222352772,"9781629377643,1629377643"
b222352796,"9781733304108,173330410X"
b222352814,"9781524748685,1524748684"
b222352838,"9780374298548,0374298548"
b222352851,"9781642934618,1642934615"
b222352875,"9781635765816,1635765811"
b222352966,"9781454936091,1454936096"
b222352978,"9781910620717,1910620718"
b222352991,"9781982138387,1982138386"
b222353016,"9781616209117,1616209119"
b22235303x,"9781493043620,1493043625"
b222353065,"9781982133276,1982133279"
b222353119,"9780063019317,0063019310"
b222353168,"9781982128456,1982128453"
b22235317x,"9781510752856,1510752854"
b222353181,"9780358064718,0358064716"
b222353193,"9781912914050,1912914050"
b222353211,"9781635766950,1635766958"
b222353296,"9781783528059,1783528052"
b222353302,"9781643134666,1643134663"
b222353326,"9780062966032,0062966030"
b222353351,"9780062448514,006244851X"
b222353375,"9780316435031,0316435031"
b222353399,"9780807038000,0807038008"
b222353405,"9780358099765,0358099765"
b222353429,"9781642932034,1642932035"
b222353430,"9781642934083,1642934089"
b222353454,"9781683583141,1683583140"
b22235348x,"9781419734410,1419734415"
b222353491,"9781454933779,1454933771"
b222353521,"9781250254504,1250254507"
b222353612,"9781642930269,1642930261"
b22235365x,"9781419742996,141974299X"
b222353685,"9781452184821,1452184828"
b222353697,"9781260458701,1260458709"
b222353727,"9780593133347,059313334X"
b222353740,"9780807064627,0807064629"
b222353752,"9781642934632,1642934631"
b222353776,"9781476707594,1476707596"
b22235379x,"9781426220975,1426220979"
b222353818,"9781948677318,1948677318"
b22235382x,"9781472959058,1472959051"
b222353831,"9781400216284,1400216281"
b222353843,"9780062986719,0062986716"
b222353855,"9781328604408,1328604403"
b222353880,"9781454937784,1454937785"
b222353892,"9780806540580,0806540583"
b222353909,"9780806540573,0806540575"
b222353922,"9780062946348,006294634X"
b222353934,"9781684510061,1684510066"
b222353946,"9781643134321,1643134329"
b22235396x,"9781635572490,1635572495"
b222353995,"9780063008472,0063008475"
b22235401x,"9781454936220,1454936223"
b222354082,"9781635766530,1635766532"
b222354100,"9780544770317,0544770315"
b22235415x,"9781982132071,1982132078"
b222354173,"9781627797047,1627797041"
b222354185,"9780465064748,0465064744"
b222354197,"9780316463591,0316463590"
b222354264,"9781501199981,1501199986"
b22235429x,"9780062943415,0062943413"
b222354318,"9780806540139,0806540133"
b222354331,"9781643134345,1643134345"
b222354343,"9780147530943,0147530946"
b222354355,"9780316392464,0316392464"
b222354367,"9780525610472,0525610472"
b222354380,"9781643134147,1643134140"
b222354446,"9781529396201,1529396204"
b222354495,"9780063007154,0063007150"
b222354549,"9781984877864,1984877860"
b222354574,"9781558329973,1558329978"
b222354598,"9781948226288,1948226286"
b222354604,"9781419735325,1419735322"
b22235463x,"9780525656012,0525656014"
b222354653,"9781529330434,1529330432"
b222354677,"9781788402149,1788402146"
b222354689,"9781642933802,1642933805"
b222354707,"9781633699670,1633699676"
b222354719,"9780374279967,0374279969"
b222354732,"9781982137687,1982137681"
b222354744,"9781524745264,152474526X"
b222354781,"9781546017257,1546017259"
b222354811,"9781328506627,1328506622"
b222354823,"9781510761193,1510761195"
b222354859,"9781643135069,1643135066"
b222354914,"9781465494078,1465494073"
b222354926,"9781465494245,1465494243"
b22235494x,"9781838660574,1838660577"
b222354975,"9781501129018,1501129015"
b222354999,"9781982106409,1982106409"
b222355001,"9781611882759,1611882753"
b222355049,"9781250261748,1250261740"
b222355062,"9780979845697,0979845696"
b222355086,"9780062668974,0062668978"
b222355104,"9781501199080,1501199080"
b222355128,"9780316458313,0316458317"
b222355189,"9780316423793,0316423793"
b222355190,"9781419742873,1419742876"
b222355207,"9781610919708,161091970X"
b222355220,"9781472966346,1472966341"
b222355232,"9780062873040,0062873040"
b222355256,"9781982139049,1982139048"
b22235530x,"9781501173318,1501173316"
b222355311,"9781620974704,1620974703"
b222355323,"9781938340918,1938340914"
b222355384,"9780593083840,0593083849"
b222355396,"9781982141608,1982141603"
b222355451,"9781631942365,1631942360"
b222355517,"9781419743184,141974318X"
b222355530,"9781643134246,1643134248"
b222355554,"9781982678401,1982678402"
b222355591,"9781496728258,1496728254"
b222355608,"9781250142818,1250142814"
b222355633,"9781640092341,164009234X"
b222355645,"9781632062529,1632062526"
b222355724,"9781542004435,1542004438"
b222355761,"9781982127541,1982127546"
b222355852,"9780374134327,0374134324"
b222355876,"9780749025311,074902531X"
b222355906,"9781611882872,1611882877"
b222355943,"9781643853864,1643853864"
b222355979,"9780756416577,0756416574"
b222355992,"9781616209728,1616209720"
b222356017,"9780727890436,0727890433"
b222356054,"9780727889584,0727889583"
b222356066,"9780593132425,0593132424"
b22235608x,"9780374272586,0374272581"
b222356091,"9780727890276,0727890271"
b222356145,"9780399178542,0399178546"
b222356169,"9780374183424,0374183422"
b222356194,"9781982614768,1982614765"
b222356236,"9781609455910,1609455916"
b222356273,"9780778309642,0778309649"
b222356297,"9781643853888,1643853880"
b222356315,"9781524748357,1524748358"
b222356406,"9780062868992,0062868993"
b222356418,"9780062851628,0062851624"
b222356443,"9781250156822,1250156823"
b222356479,"9781781087947,1781087946"
b222356492,"9780727889232,0727889230"
b22235656x,"9781250203717,1250203716"
b222356625,"9781643853055,1643853058"
b222356662,"9780062994172,0062994174"
b222356674,"9780593187708,0593187709"
b222356728,"9781982139933,1982139935"
b222356753,"9780765380760,0765380765"
b222356765,"9781250167729,1250167728"
b222356819,"9780399587566,039958756X"
b222356844,"9781496722225,1496722221"
b222356856,"9780062954169,0062954164"
b222356868,"9781948226509,1948226502"
b22235687x,"9781609455910,1609455916"
b22235690x,"9781951627348,1951627342"
b222356935,"9781633885929,1633885925"
b222356984,"9781635767049,1635767040"
b222357010,"9780062969965,006296996X"
b222357034,"9781419743054,1419743058"
b222357101,"9781419742989,1419742981"
b222357150,"9781642932829,1642932825"
b222357204,"9781541675131,1541675134"
b222357216,"9781784726621,1784726621"
b222357265,"9781643134444,1643134442"
b222357319,"9781538732298,1538732297"
b222357332,"9781510758278,1510758275"
b222357381,"9781642934359,1642934356"
b222357411,"9781541647466,1541647467"
b222357423,"9781771645331,1771645334"
b222357435,"9781510757318,1510757317"
b222357447,"9780062966070,0062966073"
b222357459,"9781510755864,1510755861"
b222357460,"9780062893673,006289367X"
b222357514,"9780374166632,0374166633"
b222357526,"9780593129395,0593129393"
b22235754x,"9781641603799,1641603798"
b222357551,"9780718080617,0718080610"
b222357563,"9781642934977,1642934976"
b222357587,"9781786077837,1786077833"
b222357642,"9781493052202,1493052209"
b222357666,"9781643135076,1643135074"
b22235768x,"9781523504046,1523504048"
b222357691,"9781984825780,198482578X"
b222357721,"9780062874214,0062874217"
b222357733,"9780811739405,0811739406"
b222357757,"9780802149282,0802149286"
b222357769,"9780061990946,0061990949"
b222357782,"9781642934496,1642934496"
b222357794,"9781541616820,1541616820"
b222357800,"9781948226684,1948226685"
b222357824,"9780062977434,0062977431"
b222357836,"9781633886346,1633886344"
b222357848,"9780358272564,0358272564"
b22235785x,"9781616209988,1616209984"
b222357897,"9781335005540,1335005544"
b222357915,"9781328588838,1328588831"
b222357988,"9781642935233,1642935239"
b222358002,"9781250268129,1250268125"
b222358014,"9781493047048,1493047043"
b222358051,"9780316488877,0316488879"
b222358075,"9781559394932,1559394935"
b222358087,"9780062857873,0062857878"
b222358099,"9781501177910,1501177915"
b222358130,"9780316540179,031654017X"
b22235821x,"9781982127886,1982127880"
b222358282,"9781524743802,1524743801"
b222358300,"9781633886391,1633886395"
b222358348,"9781645670469,1645670465"
b222358361,"9781617659300,1617659304"
b222358373,"9780062934826,0062934821"
b222358427,"9781510755253,151075525X"
b222358464,"9780525653974,052565397X"
b222358488,"9781642830910,1642830917"
b22235849x,"9781472951939,147295193X"
b222358506,"9781510755918,1510755918"
b222358518,"9781642934144,1642934143"
b22235852x,"9780762469482,076246948X"
b222358579,"9781940358468,1940358469"
b222381929,
b222381954,"9780385545822,0385545827"
b222381966,"9781501188718,1501188712"
b222381978,"9780063046108,0063046105"
b22238198x,"9781641600514,1641600519"
b222381991,"9781982102210,1982102217"
b222382004,"9780374166304,0374166307"
b222382016,"9780374277581,0374277583"
b222382028,"9781642933451,1642933457"
b22238203x,"9781643134642,1643134647"
b222382041,"9781982103859,198210385X"
b222382053,"9780525576259,0525576258"
b222382065,"9781324005544,1324005548"
b222382077,"9781328460127,1328460126"
b222382089,"9781250268174,1250268176"
b222382090,"9781324004851,1324004851"
b222382107,"9780062965035,0062965034"
b222382119,"9781684511204,1684511208"
b222382120,"9780062976512,0062976516"
b222382132,"9781643134529,1643134523"
b222382144,"9780310360742,0310360749"
b222382156,"9780374104863,0374104867"
b222382168,"9781250758750,1250758750"
b22238217x,"9781250257413,1250257417"
b222382181,"9781982148867,1982148861"
b222382193,"9780525657095,0525657096"
b22238220x,"9780008387075,0008387079"
b222382211,"9780306846397,030684639X"
b222382223,"9781538751732,1538751739"
b222382235,"9781682684931,1682684938"
b222382247,"9781250217219,1250217210"
b222382259,"9781541762831,1541762835"
b222382260,"9781400216833,1400216834"
b222382272,"9781510756335,1510756337"
b222382284,"9781620974599,1620974592"
b222382296,"9781947793774,1947793772"
b222382302,"9780804197991,0804197997"
b222382314,"9780316510608,0316510602"
b222382326,"9781119646228,1119646227"
b222382338,"9781501188558,1501188550"
b22238234x,"9781400216963,1400216966"
b222382351,"9781524733216,1524733210"
b222382363,"9780525509189,0525509186"
b222382375,"9780806540740,0806540745"
b222382387,"9780525561934,0525561935"
b222382399,"9781643134628,1643134620"
b222382405,"9781260460018,1260460010"
b222382417,"9781250200372,1250200377"
b222382429,"9780393358391,0393358399"
b222382430,"9781538754306,1538754304"
b222382442,"9780316455688,0316455687"
b222382454,"9780306922220,0306922223"
b222382466,"9780593138915,0593138910"
b222382478,"9781250270016,1250270014"
b22238248x,"9780062881977,0062881973"
b222382491,"9780525538493,0525538496"
b222382508,"9781982103545,198210354X"
b22238251x,"9781982132514,1982132515"
b222382521,"9781984826558,1984826557"
b222382533,"9780525658610,0525658610"
b222382545,"9781984801340,1984801341"
b222382569,"9781984856678,1984856677"
b222382570,"9781250244420,1250244420"
b222382594,"9780385541824,0385541821"
b222382600,"9781541756953,1541756959"
b222382612,"9780385540254,0385540256"
b222382624,"9780374168841,0374168849"
b222382636,"9781419750281,1419750283"
b222382648,"9781982142445,1982142448"
b22238265x,"9781643134109,1643134108"
b222382661,"9781948836500,1948836505"
b222382673,"9781501196232,1501196235"
b222382685,"9781250238771,1250238773"
b222382697,"9781683583790,1683583795"
b222382703,"9780593086643,0593086643"
b222382715,"9781400062102,1400062101"
b222382727,"9781614296829,1614296820"
b222382739,"9781250623713,1250623715"
b222382740,"9781595589170,1595589171"
b222382752,"9781620975022,1620975025"
b222382764,"9781501181276,1501181270"
b222382776,"9781492681076,1492681075"
b222382788,"9780525653912,0525653910"
b22238279x,"9781982105044,1982105046"
b222382806,"9780374186326,0374186324"
b222382818,"9781982149970,1982149973"
b22238282x,"9780307907493,030790749X"
b222382831,"9781640092235,1640092234"
b222382843,"9780063005686,0063005689"
b222382855,"9780062857781,0062857789"
b222382867,"9781324006145,1324006145"
b222382879,"9780812998467,0812998464"
b222382880,"9781426221019,1426221010"
b222382892,"9781250205230,1250205239"
b222382909,"9781984826244,1984826247"
b222382910,"9781546059707,1546059709"
b222382922,"9781250207012,1250207010"
b222382934,"9780525654858,0525654852"
b222382946,"9781982130602,1982130601"
b222382958,"9780062938091,0062938096"
b22238296x,"9781982107529,1982107529"
b222382971,"9780525560944,0525560947"
b222382983,"9780374228484,0374228485"
b222382995,"9780525541219,0525541217"
b222383008,"9781635573138,1635573130"
b22238301x,"9781546059554,1546059555"
b222383021,"9781641771009,1641771003"
b222383033,"9781642935554,1642935557"
b222383045,"9780807029572,0807029572"
b222383057,"9781644280751,1644280752"
b222383069,"9781541767836,1541767837"
b222383070,"9781631491702,1631491709"
b222383082,"9781643134505,1643134507"
b222383094,"9781538737002,1538737000"
b222383100,"9781982116330,1982116331"
b222383112,"9781643131955,1643131958"
b222383124,"9780062936790,0062936794"
b222383136,"9780393635089,0393635082"
b222383148,"9781786079015,1786079011"
b22238315x,"9780374240813,0374240817"
b222383161,"9781250622167,1250622166"
b222383173,"9781472971418,1472971418"
b222383185,"9781643134482,1643134485"
b222383197,"9781250256492,1250256496"
b222383203,"9781524746964,1524746967"
b222383215,"9781541673632,1541673638"
b222383227,"9781631495564,1631495569"
b222383239,"9781472975881,147297588X"
b222383240,"9780735239548,0735239541"
b222383264,"9781468316063,1468316060"
b222383276,"9780316536820,0316536822"
b222383288,"9780525559665,0525559663"
b22238329x,"9781542014199,1542014190"
b222383306,"9780385536738,0385536739"
b222383318,"9780593084519,0593084519"
b22238332x,"9781472970992,1472970993"
b222383331,"9781452182445,1452182442"
b222383343,"9780385542586,0385542585"
b222383355,"9780802128812,0802128815"
b222383367,"9781643134468,1643134469"
b222383379,"9780593135150,0593135156"
b222383380,"9780735220003,073522000X"
b222383392,"9781984879141,1984879146"
b222383409,"9780525656517,0525656510"
b222383410,"9781621578888,1621578887"
b222383422,"9781546084648,1546084649"
b222383446,"9780374200039,0374200033"
b222383458,"9781541646506,1541646509"
b22238346x,"9780062940650,0062940651"
b222383471,"9780062935670,0062935674"
b222383483,"9781982160043,1982160047"
b222383501,"9780063003156,0063003155"
b222383525,"9781950691401,1950691403"
b222383537,"9781982137038,1982137037"
b222383549,"9781250158512,1250158516"
b222383550,"9781524749033,1524749036"
b222383562,"9780765391568,0765391562"
b222383574,"9780593085332,0593085337"
b222383586,"9780062672575,0062672576"
b222383598,"9780525562054,0525562052"
b222383616,"9780062934963,0062934961"
b22238363x,"9780525657071,052565707X"
b222383641,"9781496731166,1496731166"
b222383653,"9780062968623,0062968629"
b222383677,"9781542014724,1542014727"
b222383689,"9780593197639,0593197631"
b222383690,"9780062946393,0062946390"
b222383707,"9780062961488,0062961489"
b222383720,"9781982137236,1982137231"
b222383732,"9781524748647,1524748641"
b222383744,"9781250753458,1250753457"
b222383756,"9780451491183,0451491181"
b222383768,"9780525507826,0525507825"
b22238380x,"9780802149466,0802149464"
b222383811,"9780727889492,0727889494"
b222383823,"9781335145222,1335145222"
b222383835,"9781982110734,1982110732"
b222383847,"9781250191342,1250191343"
b222383859,"9781496729729,1496729722"
b222383860,"9781250194480,1250194482"
b222383872,"9780727889256,0727889257"
b222383896,"9781982622152,1982622156"
b222383902,"9781250755933,125075593X"
b222383914,"9781982603946,1982603941"
b222383926,"9781496722386,1496722388"
b222383938,"9780062356345,0062356348"
b22238394x,"9781250193001,1250193001"
b222383963,"9780812988581,0812988582"
b222383987,"9781250258809,1250258804"
b222383999,"9780525655138,0525655131"
b222384001,"9780727890474,0727890476"
b222384013,"9781984824301,1984824309"
b222384025,"9780062981653,006298165X"
b222384037,"9780525658078,0525658076"
b222384049,"9781250313225,1250313228"
b222384050,"9781538718018,1538718014"
b222384062,"9780593182871,0593182871"
b222384074,"9781616209896,1616209895"
b222384086,"9781496730572,1496730577"
b222384116,"9781616207915,1616207914"
b22238413x,"9780385544290,0385544294"
b222384141,"9781984821256,1984821253"
b222384153,"9780811229630,0811229637"
b222384165,"9781501195068,1501195069"
b222384177,"9780778308164,0778308162"
b222384190,"9780765389657,0765389657"
b222384207,"9780316528511,031652851X"
b222384219,"9781524744618,1524744611"
b222384220,"9781501172236,1501172239"
b222384232,"9780385545761,0385545762"
b222384244,"9781250305121,1250305128"
b222384256,"9780316448758,0316448753"
b222384268,"9780063007147,0063007142"
b222384281,"9780374194321,0374194327"
b222384293,"9781250175571,1250175577"
b22238430x,"9781250204028,125020402X"
b222384311,"9780756415600,0756415608"
b222384323,"9780727889768,0727889761"
b222384335,"9781496720733,1496720733"
b222384347,"9781944211776,1944211772"
b222384359,"9780062333131,0062333135"
b222384360,"9781250219688,125021968X"
b222384372,"9780525658290,0525658297"
b222384384,"9780063007123,0063007126"
b222384396,"9781538519738,1538519739"
b222384402,"9781982126957,1982126957"
b222384414,"9781633938274,1633938271"
b222384426,"9780316456012,0316456012"
b222384438,"9780399177590,0399177590"
b22238444x,"9781643853062,1643853066"
b222384451,"9780812992762,0812992768"
b222384463,"9780749022952,0749022957"
b222384475,"9780399179655,0399179658"
b222384487,"9780593101322,0593101324"
b222384499,"9781635572551,163557255X"
b222384505,"9780727890498,0727890492"
b222384517,"9780525559160,0525559167"
b222384529,"9781525832208,1525832204"
b222384530,"9781408873496,1408873494"
b222384542,"9781250177438,125017743X"
b222384554,"9780756415808,0756415802"
b222384566,"9781643134741,1643134744"
b222384578,"9781250178343,1250178347"
b22238458x,"9780593188958,0593188950"
b222384591,"9780593198612,0593198611"
b22238461x,"9781250307439,1250307430"
b222384621,"9781982672577,1982672579"
b222384633,"9781524733452,1524733458"
b222384645,"9780727890535,0727890530"
b222384657,"9780316426459,0316426458"
b222384670,"9781101870792,1101870796"
b222384682,"9780525537670,0525537678"
b222384694,"9781538751947,1538751941"
b222384700,"9781419747212,1419747215"
b222384712,"9781609456092,1609456092"
b222384724,"9781496720344,1496720342"
b222384736,"9780593230152,0593230159"
b22238475x,"9781328622631,1328622630"
b222384761,"9781250293961,1250293960"
b222384773,"9781982141295,1982141298"
b222384785,"9780525658474,0525658475"
b222384797,"9780525621676,0525621679"
b222384815,"9781643134161,1643134167"
b222384827,"9780525536888,0525536884"
b222384839,"9781496727350,1496727355"
b222384852,"9781250237200,1250237203"
b222384876,"9781786077806,1786077809"
b222384888,"9780062968944,0062968947"
b22238489x,"9781616207793,1616207795"
b222384918,"9781101874127,1101874120"
